{"cameraMode":{"drawMode":0,"name":"Shaded","section":"Shading Mode"},"sceneLighting":false,"audioPlay":false,"sceneViewState":{"showFog":true,"showMaterialUpdate":false,"showSkybox":true,"showFlares":true,"showImageEffects":true,"showParticleSystems":true},"in2DMode":false,"pivot":{"x":-2.663261890411377,"y":0.06000008061528206,"z":1.3953908681869507},"rotation":{"x":-0.09464625269174576,"y":-0.8838932514190674,"z":0.20398302376270295,"w":-0.4100801646709442},"size":4.151339054107666,"orthographic":false}