{"cameraMode":{"drawMode":0,"name":"Shaded","section":"Shading Mode"},"sceneLighting":false,"audioPlay":false,"sceneViewState":{"showFog":true,"showMaterialUpdate":false,"showSkybox":true,"showFlares":true,"showImageEffects":true,"showParticleSystems":true},"in2DMode":false,"pivot":{"x":-0.04267120361328125,"y":-0.6293611526489258,"z":-1.2894954681396485},"rotation":{"x":-0.21730442345142365,"y":-0.19839873909950257,"z":0.04515046998858452,"w":-0.9546613097190857},"size":303.3575134277344,"orthographic":false}