{"cameraMode":{"drawMode":0,"name":"Shaded","section":"Shading Mode"},"sceneLighting":false,"audioPlay":false,"sceneViewState":{"showFog":true,"showMaterialUpdate":false,"showSkybox":true,"showFlares":true,"showImageEffects":true,"showParticleSystems":true},"in2DMode":false,"pivot":{"x":0.367218017578125,"y":-0.36747074127197268,"z":0.7759599685668945},"rotation":{"x":-0.1379556506872177,"y":-0.2433519810438156,"z":0.03499101102352142,"w":-0.9594392776489258},"size":5.981103897094727,"orthographic":false}