{"cameraMode":{"drawMode":0,"name":"Shaded","section":"Shading Mode"},"sceneLighting":false,"audioPlay":false,"sceneViewState":{"showFog":true,"showMaterialUpdate":false,"showSkybox":true,"showFlares":true,"showImageEffects":true,"showParticleSystems":true},"in2DMode":false,"pivot":{"x":25.906909942626954,"y":10.59632682800293,"z":-11.033203125},"rotation":{"x":0.044837258756160739,"y":-0.08083059638738632,"z":0.003639515955001116,"w":0.9957122802734375},"size":2.65663480758667,"orthographic":true}