{"cameraMode":{"drawMode":0,"name":"Shaded","section":"Shading Mode"},"sceneLighting":false,"audioPlay":false,"sceneViewState":{"showFog":true,"showMaterialUpdate":false,"showSkybox":true,"showFlares":true,"showImageEffects":true,"showParticleSystems":true},"in2DMode":false,"pivot":{"x":-2.782248020172119,"y":0.02558925747871399,"z":1.4679546356201172},"rotation":{"x":-0.2158721685409546,"y":-0.1984662264585495,"z":0.04485281929373741,"w":-0.9549861550331116},"size":1.4411771297454835,"orthographic":false}